{"cameraMode":{"drawMode":0,"name":"Shaded","section":"Shading Mode"},"sceneLighting":true,"audioPlay":false,"sceneViewState":{"m_AlwaysRefresh":false,"showFog":true,"showSkybox":true,"showFlares":true,"showImageEffects":true,"showParticleSystems":true,"showVisualEffectGraphs":true,"m_FxEnabled":true},"in2DMode":false,"pivot":{"x":-0.0798361599445343,"y":0.5474355220794678,"z":-0.014685869216918946},"rotation":{"x":0.07621859759092331,"y":-0.3788955807685852,"z":0.03133004531264305,"w":0.9217643141746521},"size":0.8228481411933899,"orthographic":true}