{"cameraMode":{"drawMode":0,"name":"Shaded","section":"Shading Mode"},"sceneLighting":false,"audioPlay":false,"sceneViewState":{"m_AlwaysRefresh":false,"showFog":true,"showSkybox":false,"showFlares":true,"showImageEffects":true,"showParticleSystems":true,"showVisualEffectGraphs":true,"m_FxEnabled":true},"in2DMode":false,"pivot":{"x":0.022605419158935548,"y":1.0553555488586426,"z":-0.21548062562942506},"rotation":{"x":0.22376494109630586,"y":0.7757401466369629,"z":-0.4303906261920929,"w":0.4039077162742615},"size":1.6478158235549927,"orthographic":true}