{"cameraMode":{"drawMode":0,"name":"Shaded","section":"Shading Mode"},"sceneLighting":false,"audioPlay":false,"sceneViewState":{"m_AlwaysRefresh":false,"showFog":true,"showSkybox":false,"showFlares":true,"showImageEffects":true,"showParticleSystems":true,"showVisualEffectGraphs":true,"m_FxEnabled":true},"in2DMode":false,"pivot":{"x":-4.60774040222168,"y":0.5276777744293213,"z":-4.511302471160889},"rotation":{"x":0.4452515244483948,"y":-0.003687323071062565,"z":0.0017461100360378624,"w":0.8955341577529907},"size":0.8239080905914307,"orthographic":true}