{"cameraMode":{"drawMode":0,"name":"Shaded","section":"Shading Mode"},"sceneLighting":true,"audioPlay":false,"sceneViewState":{"m_AlwaysRefresh":false,"showFog":true,"showSkybox":true,"showFlares":true,"showImageEffects":true,"showParticleSystems":true,"showVisualEffectGraphs":true,"m_FxEnabled":true},"in2DMode":false,"pivot":{"x":-0.6200008392333984,"y":-0.0677589699625969,"z":7.267834186553955},"rotation":{"x":0.5357219576835632,"y":-0.01772978901863098,"z":0.011251742020249367,"w":0.8441370725631714},"size":26.851594924926759,"orthographic":false}