{"cameraMode":{"drawMode":0,"name":"Shaded","section":"Shading Mode"},"sceneLighting":true,"audioPlay":false,"sceneViewState":{"m_AlwaysRefresh":false,"showFog":true,"showSkybox":true,"showFlares":true,"showImageEffects":true,"showParticleSystems":true,"showVisualEffectGraphs":true,"m_FxEnabled":true},"in2DMode":false,"pivot":{"x":-3.122110366821289,"y":-0.4904594421386719,"z":-0.7628705501556397},"rotation":{"x":0.5814313888549805,"y":0.0015142443589866162,"z":-0.0011902936967089773,"w":0.813749372959137},"size":2.538755178451538,"orthographic":true}